"idFecha","fechaTextual","dia","mes","anyo","diaSemana"
1012012,"01/01/2012",1,1,2012,"domingo"
1012013,"01/01/2013",1,1,2013,"martes"
1012014,"01/01/2014",1,1,2014,"miércoles"
1012015,"01/01/2015",1,1,2015,"jueves"
1022012,"01/02/2012",1,2,2012,"miércoles"
1022013,"01/02/2013",1,2,2013,"viernes"
1022014,"01/02/2014",1,2,2014,"sábado"
1022015,"01/02/2015",1,2,2015,"domingo"
1022016,"01/02/2016",1,2,2016,"lunes"
1032013,"01/03/2013",1,3,2013,"viernes"
1032014,"01/03/2014",1,3,2014,"sábado"
1032015,"01/03/2015",1,3,2015,"domingo"
1032016,"01/03/2016",1,3,2016,"martes"
1042012,"01/04/2012",1,4,2012,"domingo"
1042013,"01/04/2013",1,4,2013,"lunes"
1042016,"01/04/2016",1,4,2016,"viernes"
1052012,"01/05/2012",1,5,2012,"martes"
1052015,"01/05/2015",1,5,2015,"viernes"
1052016,"01/05/2016",1,5,2016,"domingo"
1062013,"01/06/2013",1,6,2013,"sábado"
1092012,"01/09/2012",1,9,2012,"sábado"
1092013,"01/09/2013",1,9,2013,"domingo"
1102011,"01/10/2011",1,10,2011,"sábado"
1102012,"01/10/2012",1,10,2012,"lunes"
1112012,"01/11/2012",1,11,2012,"jueves"
1112013,"01/11/2013",1,11,2013,"viernes"
1112014,"01/11/2014",1,11,2014,"sábado"
1112015,"01/11/2015",1,11,2015,"domingo"
1122012,"01/12/2012",1,12,2012,"sábado"
1122013,"01/12/2013",1,12,2013,"domingo"
1122014,"01/12/2014",1,12,2014,"lunes"
1122015,"01/12/2015",1,12,2015,"martes"
2012012,"02/01/2012",2,1,2012,"lunes"
2012013,"02/01/2013",2,1,2013,"miércoles"
2012016,"02/01/2016",2,1,2016,"sábado"
2022012,"02/02/2012",2,2,2012,"jueves"
2022013,"02/02/2013",2,2,2013,"sábado"
2022014,"02/02/2014",2,2,2014,"domingo"
2022015,"02/02/2015",2,2,2015,"lunes"
2022016,"02/02/2016",2,2,2016,"martes"
2032013,"02/03/2013",2,3,2013,"sábado"
2032014,"02/03/2014",2,3,2014,"domingo"
2032015,"02/03/2015",2,3,2015,"lunes"
2032016,"02/03/2016",2,3,2016,"miércoles"
2042012,"02/04/2012",2,4,2012,"lunes"
2042014,"02/04/2014",2,4,2014,"miércoles"
2042016,"02/04/2016",2,4,2016,"sábado"
2052012,"02/05/2012",2,5,2012,"miércoles"
2052014,"02/05/2014",2,5,2014,"viernes"
2052015,"02/05/2015",2,5,2015,"sábado"
2052016,"02/05/2016",2,5,2016,"lunes"
2092012,"02/09/2012",2,9,2012,"domingo"
2102011,"02/10/2011",2,10,2011,"domingo"
2102015,"02/10/2015",2,10,2015,"viernes"
2112012,"02/11/2012",2,11,2012,"viernes"
2112013,"02/11/2013",2,11,2013,"sábado"
2112014,"02/11/2014",2,11,2014,"domingo"
2112015,"02/11/2015",2,11,2015,"lunes"
2122011,"02/12/2011",2,12,2011,"viernes"
2122012,"02/12/2012",2,12,2012,"domingo"
2122013,"02/12/2013",2,12,2013,"lunes"
2122014,"02/12/2014",2,12,2014,"martes"
2122015,"02/12/2015",2,12,2015,"miércoles"
3012012,"03/01/2012",3,1,2012,"martes"
3012015,"03/01/2015",3,1,2015,"sábado"
3012016,"03/01/2016",3,1,2016,"domingo"
3022012,"03/02/2012",3,2,2012,"viernes"
3022013,"03/02/2013",3,2,2013,"domingo"
3022014,"03/02/2014",3,2,2014,"lunes"
3022015,"03/02/2015",3,2,2015,"martes"
3022016,"03/02/2016",3,2,2016,"miércoles"
3032012,"03/03/2012",3,3,2012,"sábado"
3032013,"03/03/2013",3,3,2013,"domingo"
3032015,"03/03/2015",3,3,2015,"martes"
3032016,"03/03/2016",3,3,2016,"jueves"
3042013,"03/04/2013",3,4,2013,"miércoles"
3042015,"03/04/2015",3,4,2015,"viernes"
3042016,"03/04/2016",3,4,2016,"domingo"
3052012,"03/05/2012",3,5,2012,"jueves"
3052013,"03/05/2013",3,5,2013,"viernes"
3052014,"03/05/2014",3,5,2014,"sábado"
3052015,"03/05/2015",3,5,2015,"domingo"
3102014,"03/10/2014",3,10,2014,"viernes"
3102015,"03/10/2015",3,10,2015,"sábado"
3112012,"03/11/2012",3,11,2012,"sábado"
3112013,"03/11/2013",3,11,2013,"domingo"
3112014,"03/11/2014",3,11,2014,"lunes"
3122011,"03/12/2011",3,12,2011,"sábado"
3122012,"03/12/2012",3,12,2012,"lunes"
3122013,"03/12/2013",3,12,2013,"martes"
3122014,"03/12/2014",3,12,2014,"miércoles"
3122015,"03/12/2015",3,12,2015,"jueves"
4012012,"04/01/2012",4,1,2012,"miércoles"
4012013,"04/01/2013",4,1,2013,"viernes"
4012014,"04/01/2014",4,1,2014,"sábado"
4012015,"04/01/2015",4,1,2015,"domingo"
4012016,"04/01/2016",4,1,2016,"lunes"
4022012,"04/02/2012",4,2,2012,"sábado"
4022015,"04/02/2015",4,2,2015,"miércoles"
4022016,"04/02/2016",4,2,2016,"jueves"
4032012,"04/03/2012",4,3,2012,"domingo"
4032013,"04/03/2013",4,3,2013,"lunes"
4032015,"04/03/2015",4,3,2015,"miércoles"
4032016,"04/03/2016",4,3,2016,"viernes"
4042014,"04/04/2014",4,4,2014,"viernes"
4042015,"04/04/2015",4,4,2015,"sábado"
4042016,"04/04/2016",4,4,2016,"lunes"
4052013,"04/05/2013",4,5,2013,"sábado"
4052014,"04/05/2014",4,5,2014,"domingo"
4052015,"04/05/2015",4,5,2015,"lunes"
4102013,"04/10/2013",4,10,2013,"viernes"
4102014,"04/10/2014",4,10,2014,"sábado"
4102015,"04/10/2015",4,10,2015,"domingo"
4112011,"04/11/2011",4,11,2011,"viernes"
4112012,"04/11/2012",4,11,2012,"domingo"
4112013,"04/11/2013",4,11,2013,"lunes"
4112015,"04/11/2015",4,11,2015,"miércoles"
4122011,"04/12/2011",4,12,2011,"domingo"
4122013,"04/12/2013",4,12,2013,"miércoles"
4122014,"04/12/2014",4,12,2014,"jueves"
4122015,"04/12/2015",4,12,2015,"viernes"
5012013,"05/01/2013",5,1,2013,"sábado"
5012014,"05/01/2014",5,1,2014,"domingo"
5012015,"05/01/2015",5,1,2015,"lunes"
5012016,"05/01/2016",5,1,2016,"martes"
5022012,"05/02/2012",5,2,2012,"domingo"
5022016,"05/02/2016",5,2,2016,"viernes"
5032012,"05/03/2012",5,3,2012,"lunes"
5032016,"05/03/2016",5,3,2016,"sábado"
5042013,"05/04/2013",5,4,2013,"viernes"
5042014,"05/04/2014",5,4,2014,"sábado"
5042015,"05/04/2015",5,4,2015,"domingo"
5052012,"05/05/2012",5,5,2012,"sábado"
5052013,"05/05/2013",5,5,2013,"domingo"
5052014,"05/05/2014",5,5,2014,"lunes"
5082011,"05/08/2011",5,8,2011,"viernes"
5102012,"05/10/2012",5,10,2012,"viernes"
5102013,"05/10/2013",5,10,2013,"sábado"
5102014,"05/10/2014",5,10,2014,"domingo"
5112011,"05/11/2011",5,11,2011,"sábado"
5112012,"05/11/2012",5,11,2012,"lunes"
5122011,"05/12/2011",5,12,2011,"lunes"
5122013,"05/12/2013",5,12,2013,"jueves"
5122014,"05/12/2014",5,12,2014,"viernes"
5122015,"05/12/2015",5,12,2015,"sábado"
6012013,"06/01/2013",6,1,2013,"domingo"
6012014,"06/01/2014",6,1,2014,"lunes"
6012015,"06/01/2015",6,1,2015,"martes"
6012016,"06/01/2016",6,1,2016,"miércoles"
6022012,"06/02/2012",6,2,2012,"lunes"
6022015,"06/02/2015",6,2,2015,"viernes"
6022016,"06/02/2016",6,2,2016,"sábado"
6032012,"06/03/2012",6,3,2012,"martes"
6032015,"06/03/2015",6,3,2015,"viernes"
6032016,"06/03/2016",6,3,2016,"domingo"
6042012,"06/04/2012",6,4,2012,"viernes"
6042013,"06/04/2013",6,4,2013,"sábado"
6042014,"06/04/2014",6,4,2014,"domingo"
6042015,"06/04/2015",6,4,2015,"lunes"
6052012,"06/05/2012",6,5,2012,"domingo"
6052013,"06/05/2013",6,5,2013,"lunes"
6052014,"06/05/2014",6,5,2014,"martes"
6052015,"06/05/2015",6,5,2015,"miércoles"
6082011,"06/08/2011",6,8,2011,"sábado"
6102012,"06/10/2012",6,10,2012,"sábado"
6102013,"06/10/2013",6,10,2013,"domingo"
6112011,"06/11/2011",6,11,2011,"domingo"
6112015,"06/11/2015",6,11,2015,"viernes"
6122013,"06/12/2013",6,12,2013,"viernes"
6122014,"06/12/2014",6,12,2014,"sábado"
6122015,"06/12/2015",6,12,2015,"domingo"
7012012,"07/01/2012",7,1,2012,"sábado"
7012013,"07/01/2013",7,1,2013,"lunes"
7012015,"07/01/2015",7,1,2015,"miércoles"
7022014,"07/02/2014",7,2,2014,"viernes"
7022015,"07/02/2015",7,2,2015,"sábado"
7022016,"07/02/2016",7,2,2016,"domingo"
7032012,"07/03/2012",7,3,2012,"miércoles"
7032014,"07/03/2014",7,3,2014,"viernes"
7032015,"07/03/2015",7,3,2015,"sábado"
7032016,"07/03/2016",7,3,2016,"lunes"
7042012,"07/04/2012",7,4,2012,"sábado"
7042013,"07/04/2013",7,4,2013,"domingo"
7042014,"07/04/2014",7,4,2014,"lunes"
7042015,"07/04/2015",7,4,2015,"martes"
7052012,"07/05/2012",7,5,2012,"lunes"
7052013,"07/05/2013",7,5,2013,"martes"
7052014,"07/05/2014",7,5,2014,"miércoles"
7052016,"07/05/2016",7,5,2016,"sábado"
7082011,"07/08/2011",7,8,2011,"domingo"
7082015,"07/08/2015",7,8,2015,"viernes"
7102012,"07/10/2012",7,10,2012,"domingo"
7112012,"07/11/2012",7,11,2012,"miércoles"
7112014,"07/11/2014",7,11,2014,"viernes"
7112015,"07/11/2015",7,11,2015,"sábado"
7122011,"07/12/2011",7,12,2011,"miércoles"
7122012,"07/12/2012",7,12,2012,"viernes"
7122013,"07/12/2013",7,12,2013,"sábado"
7122014,"07/12/2014",7,12,2014,"domingo"
7122015,"07/12/2015",7,12,2015,"lunes"
8012012,"08/01/2012",8,1,2012,"domingo"
8012014,"08/01/2014",8,1,2014,"miércoles"
8012016,"08/01/2016",8,1,2016,"viernes"
8022012,"08/02/2012",8,2,2012,"miércoles"
8022013,"08/02/2013",8,2,2013,"viernes"
8022014,"08/02/2014",8,2,2014,"sábado"
8022015,"08/02/2015",8,2,2015,"domingo"
8022016,"08/02/2016",8,2,2016,"lunes"
8032013,"08/03/2013",8,3,2013,"viernes"
8032014,"08/03/2014",8,3,2014,"sábado"
8032015,"08/03/2015",8,3,2015,"domingo"
8042012,"08/04/2012",8,4,2012,"domingo"
8042013,"08/04/2013",8,4,2013,"lunes"
8042015,"08/04/2015",8,4,2015,"miércoles"
8042016,"08/04/2016",8,4,2016,"viernes"
8052012,"08/05/2012",8,5,2012,"martes"
8052013,"08/05/2013",8,5,2013,"miércoles"
8052015,"08/05/2015",8,5,2015,"viernes"
8052016,"08/05/2016",8,5,2016,"domingo"
8082014,"08/08/2014",8,8,2014,"viernes"
8082015,"08/08/2015",8,8,2015,"sábado"
8112013,"08/11/2013",8,11,2013,"viernes"
8112014,"08/11/2014",8,11,2014,"sábado"
8112015,"08/11/2015",8,11,2015,"domingo"
8122012,"08/12/2012",8,12,2012,"sábado"
8122013,"08/12/2013",8,12,2013,"domingo"
8122014,"08/12/2014",8,12,2014,"lunes"
9012015,"09/01/2015",9,1,2015,"viernes"
9012016,"09/01/2016",9,1,2016,"sábado"
9022012,"09/02/2012",9,2,2012,"jueves"
9022013,"09/02/2013",9,2,2013,"sábado"
9022014,"09/02/2014",9,2,2014,"domingo"
9022015,"09/02/2015",9,2,2015,"lunes"
9032012,"09/03/2012",9,3,2012,"viernes"
9032013,"09/03/2013",9,3,2013,"sábado"
9032014,"09/03/2014",9,3,2014,"domingo"
9032015,"09/03/2015",9,3,2015,"lunes"
9032016,"09/03/2016",9,3,2016,"miércoles"
9042012,"09/04/2012",9,4,2012,"lunes"
9042015,"09/04/2015",9,4,2015,"jueves"
9042016,"09/04/2016",9,4,2016,"sábado"
9052015,"09/05/2015",9,5,2015,"sábado"
9082013,"09/08/2013",9,8,2013,"viernes"
9082014,"09/08/2014",9,8,2014,"sábado"
9082015,"09/08/2015",9,8,2015,"domingo"
9092011,"09/09/2011",9,9,2011,"viernes"
9112012,"09/11/2012",9,11,2012,"viernes"
9112013,"09/11/2013",9,11,2013,"sábado"
9112014,"09/11/2014",9,11,2014,"domingo"
9122011,"09/12/2011",9,12,2011,"viernes"
9122012,"09/12/2012",9,12,2012,"domingo"
9122013,"09/12/2013",9,12,2013,"lunes"
10012014,"10/01/2014",10,1,2014,"viernes"
10012015,"10/01/2015",10,1,2015,"sábado"
10012016,"10/01/2016",10,1,2016,"domingo"
10022012,"10/02/2012",10,2,2012,"viernes"
10022013,"10/02/2013",10,2,2013,"domingo"
10022014,"10/02/2014",10,2,2014,"lunes"
10022015,"10/02/2015",10,2,2015,"martes"
10032012,"10/03/2012",10,3,2012,"sábado"
10032013,"10/03/2013",10,3,2013,"domingo"
10032014,"10/03/2014",10,3,2014,"lunes"
10042012,"10/04/2012",10,4,2012,"martes"
10042015,"10/04/2015",10,4,2015,"viernes"
10042016,"10/04/2016",10,4,2016,"domingo"
10052012,"10/05/2012",10,5,2012,"jueves"
10052013,"10/05/2013",10,5,2013,"viernes"
10052014,"10/05/2014",10,5,2014,"sábado"
10052015,"10/05/2015",10,5,2015,"domingo"
10052016,"10/05/2016",10,5,2016,"martes"
10082012,"10/08/2012",10,8,2012,"viernes"
10082013,"10/08/2013",10,8,2013,"sábado"
10082014,"10/08/2014",10,8,2014,"domingo"
10082015,"10/08/2015",10,8,2015,"lunes"
10092011,"10/09/2011",10,9,2011,"sábado"
10112012,"10/11/2012",10,11,2012,"sábado"
10112013,"10/11/2013",10,11,2013,"domingo"
10122011,"10/12/2011",10,12,2011,"sábado"
10122012,"10/12/2012",10,12,2012,"lunes"
11012012,"11/01/2012",11,1,2012,"miércoles"
11012013,"11/01/2013",11,1,2013,"viernes"
11012014,"11/01/2014",11,1,2014,"sábado"
11012015,"11/01/2015",11,1,2015,"domingo"
11022012,"11/02/2012",11,2,2012,"sábado"
11022013,"11/02/2013",11,2,2013,"lunes"
11022014,"11/02/2014",11,2,2014,"martes"
11022015,"11/02/2015",11,2,2015,"miércoles"
11022016,"11/02/2016",11,2,2016,"jueves"
11032012,"11/03/2012",11,3,2012,"domingo"
11032013,"11/03/2013",11,3,2013,"lunes"
11032016,"11/03/2016",11,3,2016,"viernes"
11042012,"11/04/2012",11,4,2012,"miércoles"
11042014,"11/04/2014",11,4,2014,"viernes"
11042015,"11/04/2015",11,4,2015,"sábado"
11042016,"11/04/2016",11,4,2016,"lunes"
11052013,"11/05/2013",11,5,2013,"sábado"
11052014,"11/05/2014",11,5,2014,"domingo"
11052015,"11/05/2015",11,5,2015,"lunes"
11052016,"11/05/2016",11,5,2016,"miércoles"
11082012,"11/08/2012",11,8,2012,"sábado"
11082013,"11/08/2013",11,8,2013,"domingo"
11092011,"11/09/2011",11,9,2011,"domingo"
11092015,"11/09/2015",11,9,2015,"viernes"
11112012,"11/11/2012",11,11,2012,"domingo"
11122011,"11/12/2011",11,12,2011,"domingo"
11122012,"11/12/2012",11,12,2012,"martes"
11122015,"11/12/2015",11,12,2015,"viernes"
12012013,"12/01/2013",12,1,2013,"sábado"
12012014,"12/01/2014",12,1,2014,"domingo"
12012015,"12/01/2015",12,1,2015,"lunes"
12012016,"12/01/2016",12,1,2016,"martes"
12022012,"12/02/2012",12,2,2012,"domingo"
12022014,"12/02/2014",12,2,2014,"miércoles"
12022016,"12/02/2016",12,2,2016,"viernes"
12032012,"12/03/2012",12,3,2012,"lunes"
12032016,"12/03/2016",12,3,2016,"sábado"
12042012,"12/04/2012",12,4,2012,"jueves"
12042013,"12/04/2013",12,4,2013,"viernes"
12042014,"12/04/2014",12,4,2014,"sábado"
12042015,"12/04/2015",12,4,2015,"domingo"
12052012,"12/05/2012",12,5,2012,"sábado"
12052013,"12/05/2013",12,5,2013,"domingo"
12082012,"12/08/2012",12,8,2012,"domingo"
12092011,"12/09/2011",12,9,2011,"lunes"
12092014,"12/09/2014",12,9,2014,"viernes"
12092015,"12/09/2015",12,9,2015,"sábado"
12122011,"12/12/2011",12,12,2011,"lunes"
12122012,"12/12/2012",12,12,2012,"miércoles"
12122014,"12/12/2014",12,12,2014,"viernes"
12122015,"12/12/2015",12,12,2015,"sábado"
13012013,"13/01/2013",13,1,2013,"domingo"
13012014,"13/01/2014",13,1,2014,"lunes"
13012016,"13/01/2016",13,1,2016,"miércoles"
13022012,"13/02/2012",13,2,2012,"lunes"
13022015,"13/02/2015",13,2,2015,"viernes"
13022016,"13/02/2016",13,2,2016,"sábado"
13032012,"13/03/2012",13,3,2012,"martes"
13032015,"13/03/2015",13,3,2015,"viernes"
13032016,"13/03/2016",13,3,2016,"domingo"
13042012,"13/04/2012",13,4,2012,"viernes"
13042013,"13/04/2013",13,4,2013,"sábado"
13042014,"13/04/2014",13,4,2014,"domingo"
13042015,"13/04/2015",13,4,2015,"lunes"
13042016,"13/04/2016",13,4,2016,"miércoles"
13052012,"13/05/2012",13,5,2012,"domingo"
13052013,"13/05/2013",13,5,2013,"lunes"
13052016,"13/05/2016",13,5,2016,"viernes"
13082011,"13/08/2011",13,8,2011,"sábado"
13092013,"13/09/2013",13,9,2013,"viernes"
13092014,"13/09/2014",13,9,2014,"sábado"
13092015,"13/09/2015",13,9,2015,"domingo"
13122011,"13/12/2011",13,12,2011,"martes"
13122012,"13/12/2012",13,12,2012,"jueves"
13122013,"13/12/2013",13,12,2013,"viernes"
13122014,"13/12/2014",13,12,2014,"sábado"
13122015,"13/12/2015",13,12,2015,"domingo"
14012012,"14/01/2012",14,1,2012,"sábado"
14012013,"14/01/2013",14,1,2013,"lunes"
14022014,"14/02/2014",14,2,2014,"viernes"
14022015,"14/02/2015",14,2,2015,"sábado"
14022016,"14/02/2016",14,2,2016,"domingo"
14032014,"14/03/2014",14,3,2014,"viernes"
14032015,"14/03/2015",14,3,2015,"sábado"
14032016,"14/03/2016",14,3,2016,"lunes"
14042012,"14/04/2012",14,4,2012,"sábado"
14042013,"14/04/2013",14,4,2013,"domingo"
14042014,"14/04/2014",14,4,2014,"lunes"
14052013,"14/05/2013",14,5,2013,"martes"
14052016,"14/05/2016",14,5,2016,"sábado"
14082011,"14/08/2011",14,8,2011,"domingo"
14082015,"14/08/2015",14,8,2015,"viernes"
14092012,"14/09/2012",14,9,2012,"viernes"
14092013,"14/09/2013",14,9,2013,"sábado"
14092014,"14/09/2014",14,9,2014,"domingo"
14092015,"14/09/2015",14,9,2015,"lunes"
14102011,"14/10/2011",14,10,2011,"viernes"
14122012,"14/12/2012",14,12,2012,"viernes"
14122013,"14/12/2013",14,12,2013,"sábado"
14122014,"14/12/2014",14,12,2014,"domingo"
14122015,"14/12/2015",14,12,2015,"lunes"
15012012,"15/01/2012",15,1,2012,"domingo"
15012016,"15/01/2016",15,1,2016,"viernes"
15022012,"15/02/2012",15,2,2012,"miércoles"
15022013,"15/02/2013",15,2,2013,"viernes"
15022014,"15/02/2014",15,2,2014,"sábado"
15022015,"15/02/2015",15,2,2015,"domingo"
15032013,"15/03/2013",15,3,2013,"viernes"
15032014,"15/03/2014",15,3,2014,"sábado"
15032015,"15/03/2015",15,3,2015,"domingo"
15042012,"15/04/2012",15,4,2012,"domingo"
15042013,"15/04/2013",15,4,2013,"lunes"
15042014,"15/04/2014",15,4,2014,"martes"
15042015,"15/04/2015",15,4,2015,"miércoles"
15042016,"15/04/2016",15,4,2016,"viernes"
15052016,"15/05/2016",15,5,2016,"domingo"
15082011,"15/08/2011",15,8,2011,"lunes"
15082014,"15/08/2014",15,8,2014,"viernes"
15082015,"15/08/2015",15,8,2015,"sábado"
15092012,"15/09/2012",15,9,2012,"sábado"
15092013,"15/09/2013",15,9,2013,"domingo"
15092014,"15/09/2014",15,9,2014,"lunes"
15102011,"15/10/2011",15,10,2011,"sábado"
15122012,"15/12/2012",15,12,2012,"sábado"
15122013,"15/12/2013",15,12,2013,"domingo"
15122014,"15/12/2014",15,12,2014,"lunes"
16012012,"16/01/2012",16,1,2012,"lunes"
16012013,"16/01/2013",16,1,2013,"miércoles"
16012015,"16/01/2015",16,1,2015,"viernes"
16012016,"16/01/2016",16,1,2016,"sábado"
16022013,"16/02/2013",16,2,2013,"sábado"
16022014,"16/02/2014",16,2,2014,"domingo"
16022015,"16/02/2015",16,2,2015,"lunes"
16032012,"16/03/2012",16,3,2012,"viernes"
16032013,"16/03/2013",16,3,2013,"sábado"
16032014,"16/03/2014",16,3,2014,"domingo"
16032015,"16/03/2015",16,3,2015,"lunes"
16042012,"16/04/2012",16,4,2012,"lunes"
16042013,"16/04/2013",16,4,2013,"martes"
16042014,"16/04/2014",16,4,2014,"miércoles"
16042016,"16/04/2016",16,4,2016,"sábado"
16052014,"16/05/2014",16,5,2014,"viernes"
16052015,"16/05/2015",16,5,2015,"sábado"
16082013,"16/08/2013",16,8,2013,"viernes"
16082014,"16/08/2014",16,8,2014,"sábado"
16082015,"16/08/2015",16,8,2015,"domingo"
16092011,"16/09/2011",16,9,2011,"viernes"
16092012,"16/09/2012",16,9,2012,"domingo"
16092013,"16/09/2013",16,9,2013,"lunes"
16102011,"16/10/2011",16,10,2011,"domingo"
16102015,"16/10/2015",16,10,2015,"viernes"
16112012,"16/11/2012",16,11,2012,"viernes"
16122011,"16/12/2011",16,12,2011,"viernes"
16122012,"16/12/2012",16,12,2012,"domingo"
16122013,"16/12/2013",16,12,2013,"lunes"
16122014,"16/12/2014",16,12,2014,"martes"
17012014,"17/01/2014",17,1,2014,"viernes"
17012015,"17/01/2015",17,1,2015,"sábado"
17012016,"17/01/2016",17,1,2016,"domingo"
17022012,"17/02/2012",17,2,2012,"viernes"
17022013,"17/02/2013",17,2,2013,"domingo"
17022014,"17/02/2014",17,2,2014,"lunes"
17022016,"17/02/2016",17,2,2016,"miércoles"
17032012,"17/03/2012",17,3,2012,"sábado"
17032013,"17/03/2013",17,3,2013,"domingo"
17032014,"17/03/2014",17,3,2014,"lunes"
17042013,"17/04/2013",17,4,2013,"miércoles"
17042014,"17/04/2014",17,4,2014,"jueves"
17042015,"17/04/2015",17,4,2015,"viernes"
17042016,"17/04/2016",17,4,2016,"domingo"
17052014,"17/05/2014",17,5,2014,"sábado"
17052015,"17/05/2015",17,5,2015,"domingo"
17052016,"17/05/2016",17,5,2016,"martes"
17082012,"17/08/2012",17,8,2012,"viernes"
17082013,"17/08/2013",17,8,2013,"sábado"
17082014,"17/08/2014",17,8,2014,"domingo"
17082015,"17/08/2015",17,8,2015,"lunes"
17092011,"17/09/2011",17,9,2011,"sábado"
17092012,"17/09/2012",17,9,2012,"lunes"
17102011,"17/10/2011",17,10,2011,"lunes"
17102014,"17/10/2014",17,10,2014,"viernes"
17102015,"17/10/2015",17,10,2015,"sábado"
17112012,"17/11/2012",17,11,2012,"sábado"
17122011,"17/12/2011",17,12,2011,"sábado"
17122012,"17/12/2012",17,12,2012,"lunes"
17122014,"17/12/2014",17,12,2014,"miércoles"
18012013,"18/01/2013",18,1,2013,"viernes"
18012014,"18/01/2014",18,1,2014,"sábado"
18012015,"18/01/2015",18,1,2015,"domingo"
18012016,"18/01/2016",18,1,2016,"lunes"
18022012,"18/02/2012",18,2,2012,"sábado"
18022013,"18/02/2013",18,2,2013,"lunes"
18032012,"18/03/2012",18,3,2012,"domingo"
18032016,"18/03/2016",18,3,2016,"viernes"
18042012,"18/04/2012",18,4,2012,"miércoles"
18042014,"18/04/2014",18,4,2014,"viernes"
18042015,"18/04/2015",18,4,2015,"sábado"
18042016,"18/04/2016",18,4,2016,"lunes"
18052013,"18/05/2013",18,5,2013,"sábado"
18052014,"18/05/2014",18,5,2014,"domingo"
18052015,"18/05/2015",18,5,2015,"lunes"
18082012,"18/08/2012",18,8,2012,"sábado"
18082013,"18/08/2013",18,8,2013,"domingo"
18082014,"18/08/2014",18,8,2014,"lunes"
18092011,"18/09/2011",18,9,2011,"domingo"
18092015,"18/09/2015",18,9,2015,"viernes"
18102013,"18/10/2013",18,10,2013,"viernes"
18102014,"18/10/2014",18,10,2014,"sábado"
18102015,"18/10/2015",18,10,2015,"domingo"
18112011,"18/11/2011",18,11,2011,"viernes"
18112012,"18/11/2012",18,11,2012,"domingo"
18122011,"18/12/2011",18,12,2011,"domingo"
18122014,"18/12/2014",18,12,2014,"jueves"
18122015,"18/12/2015",18,12,2015,"viernes"
19012013,"19/01/2013",19,1,2013,"sábado"
19012014,"19/01/2014",19,1,2014,"domingo"
19012015,"19/01/2015",19,1,2015,"lunes"
19022012,"19/02/2012",19,2,2012,"domingo"
19022016,"19/02/2016",19,2,2016,"viernes"
19032012,"19/03/2012",19,3,2012,"lunes"
19032016,"19/03/2016",19,3,2016,"sábado"
19042013,"19/04/2013",19,4,2013,"viernes"
19042014,"19/04/2014",19,4,2014,"sábado"
19042015,"19/04/2015",19,4,2015,"domingo"
19042016,"19/04/2016",19,4,2016,"martes"
19052013,"19/05/2013",19,5,2013,"domingo"
19082011,"19/08/2011",19,8,2011,"viernes"
19082012,"19/08/2012",19,8,2012,"domingo"
19082013,"19/08/2013",19,8,2013,"lunes"
19092014,"19/09/2014",19,9,2014,"viernes"
19092015,"19/09/2015",19,9,2015,"sábado"
19102012,"19/10/2012",19,10,2012,"viernes"
19102013,"19/10/2013",19,10,2013,"sábado"
19102014,"19/10/2014",19,10,2014,"domingo"
19102015,"19/10/2015",19,10,2015,"lunes"
19112011,"19/11/2011",19,11,2011,"sábado"
19112012,"19/11/2012",19,11,2012,"lunes"
19122014,"19/12/2014",19,12,2014,"viernes"
19122015,"19/12/2015",19,12,2015,"sábado"
20012012,"20/01/2012",20,1,2012,"viernes"
20012013,"20/01/2013",20,1,2013,"domingo"
20012014,"20/01/2014",20,1,2014,"lunes"
20012016,"20/01/2016",20,1,2016,"miércoles"
20022012,"20/02/2012",20,2,2012,"lunes"
20022015,"20/02/2015",20,2,2015,"viernes"
20022016,"20/02/2016",20,2,2016,"sábado"
20032012,"20/03/2012",20,3,2012,"martes"
20032015,"20/03/2015",20,3,2015,"viernes"
20032016,"20/03/2016",20,3,2016,"domingo"
20042012,"20/04/2012",20,4,2012,"viernes"
20042013,"20/04/2013",20,4,2013,"sábado"
20042014,"20/04/2014",20,4,2014,"domingo"
20042015,"20/04/2015",20,4,2015,"lunes"
20042016,"20/04/2016",20,4,2016,"miércoles"
20052012,"20/05/2012",20,5,2012,"domingo"
20052013,"20/05/2013",20,5,2013,"lunes"
20052015,"20/05/2015",20,5,2015,"miércoles"
20082011,"20/08/2011",20,8,2011,"sábado"
20082012,"20/08/2012",20,8,2012,"lunes"
20092011,"20/09/2011",20,9,2011,"martes"
20092013,"20/09/2013",20,9,2013,"viernes"
20092014,"20/09/2014",20,9,2014,"sábado"
20092015,"20/09/2015",20,9,2015,"domingo"
20102012,"20/10/2012",20,10,2012,"sábado"
20102013,"20/10/2013",20,10,2013,"domingo"
20102014,"20/10/2014",20,10,2014,"lunes"
20112011,"20/11/2011",20,11,2011,"domingo"
20112015,"20/11/2015",20,11,2015,"viernes"
20122011,"20/12/2011",20,12,2011,"martes"
20122012,"20/12/2012",20,12,2012,"jueves"
20122013,"20/12/2013",20,12,2013,"viernes"
20122014,"20/12/2014",20,12,2014,"sábado"
20122015,"20/12/2015",20,12,2015,"domingo"
21012012,"21/01/2012",21,1,2012,"sábado"
21012013,"21/01/2013",21,1,2013,"lunes"
21022012,"21/02/2012",21,2,2012,"martes"
21022014,"21/02/2014",21,2,2014,"viernes"
21022015,"21/02/2015",21,2,2015,"sábado"
21022016,"21/02/2016",21,2,2016,"domingo"
21032012,"21/03/2012",21,3,2012,"miércoles"
21032014,"21/03/2014",21,3,2014,"viernes"
21032015,"21/03/2015",21,3,2015,"sábado"
21042012,"21/04/2012",21,4,2012,"sábado"
21042013,"21/04/2013",21,4,2013,"domingo"
21042014,"21/04/2014",21,4,2014,"lunes"
21042016,"21/04/2016",21,4,2016,"jueves"
21082011,"21/08/2011",21,8,2011,"domingo"
21082013,"21/08/2013",21,8,2013,"miércoles"
21082015,"21/08/2015",21,8,2015,"viernes"
21092011,"21/09/2011",21,9,2011,"miércoles"
21092012,"21/09/2012",21,9,2012,"viernes"
21092013,"21/09/2013",21,9,2013,"sábado"
21092014,"21/09/2014",21,9,2014,"domingo"
21102011,"21/10/2011",21,10,2011,"viernes"
21102012,"21/10/2012",21,10,2012,"domingo"
21102013,"21/10/2013",21,10,2013,"lunes"
21112011,"21/11/2011",21,11,2011,"lunes"
21112014,"21/11/2014",21,11,2014,"viernes"
21112015,"21/11/2015",21,11,2015,"sábado"
21122011,"21/12/2011",21,12,2011,"miércoles"
21122012,"21/12/2012",21,12,2012,"viernes"
21122013,"21/12/2013",21,12,2013,"sábado"
21122014,"21/12/2014",21,12,2014,"domingo"
21122015,"21/12/2015",21,12,2015,"lunes"
22012012,"22/01/2012",22,1,2012,"domingo"
22012016,"22/01/2016",22,1,2016,"viernes"
22022012,"22/02/2012",22,2,2012,"miércoles"
22022013,"22/02/2013",22,2,2013,"viernes"
22022014,"22/02/2014",22,2,2014,"sábado"
22022015,"22/02/2015",22,2,2015,"domingo"
22022016,"22/02/2016",22,2,2016,"lunes"
22032012,"22/03/2012",22,3,2012,"jueves"
22032014,"22/03/2014",22,3,2014,"sábado"
22032015,"22/03/2015",22,3,2015,"domingo"
22042012,"22/04/2012",22,4,2012,"domingo"
22042013,"22/04/2013",22,4,2013,"lunes"
22042016,"22/04/2016",22,4,2016,"viernes"
22082011,"22/08/2011",22,8,2011,"lunes"
22082012,"22/08/2012",22,8,2012,"miércoles"
22082014,"22/08/2014",22,8,2014,"viernes"
22082015,"22/08/2015",22,8,2015,"sábado"
22092011,"22/09/2011",22,9,2011,"jueves"
22092012,"22/09/2012",22,9,2012,"sábado"
22092013,"22/09/2013",22,9,2013,"domingo"
22092014,"22/09/2014",22,9,2014,"lunes"
22092015,"22/09/2015",22,9,2015,"martes"
22102011,"22/10/2011",22,10,2011,"sábado"
22102012,"22/10/2012",22,10,2012,"lunes"
22112013,"22/11/2013",22,11,2013,"viernes"
22112014,"22/11/2014",22,11,2014,"sábado"
22112015,"22/11/2015",22,11,2015,"domingo"
22122011,"22/12/2011",22,12,2011,"jueves"
22122012,"22/12/2012",22,12,2012,"sábado"
22122013,"22/12/2013",22,12,2013,"domingo"
22122014,"22/12/2014",22,12,2014,"lunes"
23012012,"23/01/2012",23,1,2012,"lunes"
23012013,"23/01/2013",23,1,2013,"miércoles"
23012015,"23/01/2015",23,1,2015,"viernes"
23012016,"23/01/2016",23,1,2016,"sábado"
23022013,"23/02/2013",23,2,2013,"sábado"
23022014,"23/02/2014",23,2,2014,"domingo"
23022015,"23/02/2015",23,2,2015,"lunes"
23032012,"23/03/2012",23,3,2012,"viernes"
23032014,"23/03/2014",23,3,2014,"domingo"
23042012,"23/04/2012",23,4,2012,"lunes"
23042014,"23/04/2014",23,4,2014,"miércoles"
23042016,"23/04/2016",23,4,2016,"sábado"
23052015,"23/05/2015",23,5,2015,"sábado"
23082013,"23/08/2013",23,8,2013,"viernes"
23082014,"23/08/2014",23,8,2014,"sábado"
23082015,"23/08/2015",23,8,2015,"domingo"
23092011,"23/09/2011",23,9,2011,"viernes"
23092012,"23/09/2012",23,9,2012,"domingo"
23092013,"23/09/2013",23,9,2013,"lunes"
23092014,"23/09/2014",23,9,2014,"martes"
23092015,"23/09/2015",23,9,2015,"miércoles"
23102011,"23/10/2011",23,10,2011,"domingo"
23102015,"23/10/2015",23,10,2015,"viernes"
23112012,"23/11/2012",23,11,2012,"viernes"
23112013,"23/11/2013",23,11,2013,"sábado"
23112014,"23/11/2014",23,11,2014,"domingo"
23112015,"23/11/2015",23,11,2015,"lunes"
23122012,"23/12/2012",23,12,2012,"domingo"
23122013,"23/12/2013",23,12,2013,"lunes"
24012014,"24/01/2014",24,1,2014,"viernes"
24012015,"24/01/2015",24,1,2015,"sábado"
24012016,"24/01/2016",24,1,2016,"domingo"
24022012,"24/02/2012",24,2,2012,"viernes"
24022013,"24/02/2013",24,2,2013,"domingo"
24022014,"24/02/2014",24,2,2014,"lunes"
24022015,"24/02/2015",24,2,2015,"martes"
24032012,"24/03/2012",24,3,2012,"sábado"
24032014,"24/03/2014",24,3,2014,"lunes"
24042012,"24/04/2012",24,4,2012,"martes"
24042013,"24/04/2013",24,4,2013,"miércoles"
24042015,"24/04/2015",24,4,2015,"viernes"
24042016,"24/04/2016",24,4,2016,"domingo"
24052015,"24/05/2015",24,5,2015,"domingo"
24082012,"24/08/2012",24,8,2012,"viernes"
24082013,"24/08/2013",24,8,2013,"sábado"
24082014,"24/08/2014",24,8,2014,"domingo"
24082015,"24/08/2015",24,8,2015,"lunes"
24092011,"24/09/2011",24,9,2011,"sábado"
24092012,"24/09/2012",24,9,2012,"lunes"
24092013,"24/09/2013",24,9,2013,"martes"
24092014,"24/09/2014",24,9,2014,"miércoles"
24092015,"24/09/2015",24,9,2015,"jueves"
24102014,"24/10/2014",24,10,2014,"viernes"
24102015,"24/10/2015",24,10,2015,"sábado"
24112012,"24/11/2012",24,11,2012,"sábado"
24112013,"24/11/2013",24,11,2013,"domingo"
24112014,"24/11/2014",24,11,2014,"lunes"
25012013,"25/01/2013",25,1,2013,"viernes"
25012014,"25/01/2014",25,1,2014,"sábado"
25012015,"25/01/2015",25,1,2015,"domingo"
25012016,"25/01/2016",25,1,2016,"lunes"
25022012,"25/02/2012",25,2,2012,"sábado"
25022013,"25/02/2013",25,2,2013,"lunes"
25022014,"25/02/2014",25,2,2014,"martes"
25032012,"25/03/2012",25,3,2012,"domingo"
25032014,"25/03/2014",25,3,2014,"martes"
25042012,"25/04/2012",25,4,2012,"miércoles"
25042014,"25/04/2014",25,4,2014,"viernes"
25042015,"25/04/2015",25,4,2015,"sábado"
25042016,"25/04/2016",25,4,2016,"lunes"
25052015,"25/05/2015",25,5,2015,"lunes"
25082012,"25/08/2012",25,8,2012,"sábado"
25082013,"25/08/2013",25,8,2013,"domingo"
25082014,"25/08/2014",25,8,2014,"lunes"
25092011,"25/09/2011",25,9,2011,"domingo"
25092012,"25/09/2012",25,9,2012,"martes"
25092013,"25/09/2013",25,9,2013,"miércoles"
25092014,"25/09/2014",25,9,2014,"jueves"
25092015,"25/09/2015",25,9,2015,"viernes"
25102011,"25/10/2011",25,10,2011,"martes"
25102013,"25/10/2013",25,10,2013,"viernes"
25102014,"25/10/2014",25,10,2014,"sábado"
25102015,"25/10/2015",25,10,2015,"domingo"
25112011,"25/11/2011",25,11,2011,"viernes"
25112012,"25/11/2012",25,11,2012,"domingo"
25112013,"25/11/2013",25,11,2013,"lunes"
26012013,"26/01/2013",26,1,2013,"sábado"
26012014,"26/01/2014",26,1,2014,"domingo"
26012015,"26/01/2015",26,1,2015,"lunes"
26022012,"26/02/2012",26,2,2012,"domingo"
26022013,"26/02/2013",26,2,2013,"martes"
26022016,"26/02/2016",26,2,2016,"viernes"
26032012,"26/03/2012",26,3,2012,"lunes"
26032014,"26/03/2014",26,3,2014,"miércoles"
26042013,"26/04/2013",26,4,2013,"viernes"
26042014,"26/04/2014",26,4,2014,"sábado"
26042015,"26/04/2015",26,4,2015,"domingo"
26052013,"26/05/2013",26,5,2013,"domingo"
26082011,"26/08/2011",26,8,2011,"viernes"
26082012,"26/08/2012",26,8,2012,"domingo"
26082013,"26/08/2013",26,8,2013,"lunes"
26092011,"26/09/2011",26,9,2011,"lunes"
26092012,"26/09/2012",26,9,2012,"miércoles"
26092013,"26/09/2013",26,9,2013,"jueves"
26092014,"26/09/2014",26,9,2014,"viernes"
26092015,"26/09/2015",26,9,2015,"sábado"
26102011,"26/10/2011",26,10,2011,"miércoles"
26102012,"26/10/2012",26,10,2012,"viernes"
26102013,"26/10/2013",26,10,2013,"sábado"
26102014,"26/10/2014",26,10,2014,"domingo"
26102015,"26/10/2015",26,10,2015,"lunes"
26112011,"26/11/2011",26,11,2011,"sábado"
26112012,"26/11/2012",26,11,2012,"lunes"
26122011,"26/12/2011",26,12,2011,"lunes"
26122012,"26/12/2012",26,12,2012,"miércoles"
26122013,"26/12/2013",26,12,2013,"jueves"
26122014,"26/12/2014",26,12,2014,"viernes"
26122015,"26/12/2015",26,12,2015,"sábado"
27012012,"27/01/2012",27,1,2012,"viernes"
27012013,"27/01/2013",27,1,2013,"domingo"
27012014,"27/01/2014",27,1,2014,"lunes"
27022015,"27/02/2015",27,2,2015,"viernes"
27022016,"27/02/2016",27,2,2016,"sábado"
27032014,"27/03/2014",27,3,2014,"jueves"
27042012,"27/04/2012",27,4,2012,"viernes"
27042013,"27/04/2013",27,4,2013,"sábado"
27042014,"27/04/2014",27,4,2014,"domingo"
27042015,"27/04/2015",27,4,2015,"lunes"
27042016,"27/04/2016",27,4,2016,"miércoles"
27082011,"27/08/2011",27,8,2011,"sábado"
27082012,"27/08/2012",27,8,2012,"lunes"
27082013,"27/08/2013",27,8,2013,"martes"
27092012,"27/09/2012",27,9,2012,"jueves"
27092013,"27/09/2013",27,9,2013,"viernes"
27092014,"27/09/2014",27,9,2014,"sábado"
27092015,"27/09/2015",27,9,2015,"domingo"
27102011,"27/10/2011",27,10,2011,"jueves"
27102012,"27/10/2012",27,10,2012,"sábado"
27102013,"27/10/2013",27,10,2013,"domingo"
27102014,"27/10/2014",27,10,2014,"lunes"
27102015,"27/10/2015",27,10,2015,"martes"
27112011,"27/11/2011",27,11,2011,"domingo"
27112012,"27/11/2012",27,11,2012,"martes"
27112015,"27/11/2015",27,11,2015,"viernes"
27122011,"27/12/2011",27,12,2011,"martes"
28012012,"28/01/2012",28,1,2012,"sábado"
28012013,"28/01/2013",28,1,2013,"lunes"
28012014,"28/01/2014",28,1,2014,"martes"
28022014,"28/02/2014",28,2,2014,"viernes"
28022015,"28/02/2015",28,2,2015,"sábado"
28022016,"28/02/2016",28,2,2016,"domingo"
28032014,"28/03/2014",28,3,2014,"viernes"
28042012,"28/04/2012",28,4,2012,"sábado"
28042013,"28/04/2013",28,4,2013,"domingo"
28042014,"28/04/2014",28,4,2014,"lunes"
28042015,"28/04/2015",28,4,2015,"martes"
28082011,"28/08/2011",28,8,2011,"domingo"
28082015,"28/08/2015",28,8,2015,"viernes"
28092012,"28/09/2012",28,9,2012,"viernes"
28092013,"28/09/2013",28,9,2013,"sábado"
28092014,"28/09/2014",28,9,2014,"domingo"
28092015,"28/09/2015",28,9,2015,"lunes"
28102011,"28/10/2011",28,10,2011,"viernes"
28102012,"28/10/2012",28,10,2012,"domingo"
28102013,"28/10/2013",28,10,2013,"lunes"
28102014,"28/10/2014",28,10,2014,"martes"
28102015,"28/10/2015",28,10,2015,"miércoles"
28112011,"28/11/2011",28,11,2011,"lunes"
28112012,"28/11/2012",28,11,2012,"miércoles"
28112014,"28/11/2014",28,11,2014,"viernes"
28112015,"28/11/2015",28,11,2015,"sábado"
28122013,"28/12/2013",28,12,2013,"sábado"
28122014,"28/12/2014",28,12,2014,"domingo"
28122015,"28/12/2015",28,12,2015,"lunes"
29012012,"29/01/2012",29,1,2012,"domingo"
29012013,"29/01/2013",29,1,2013,"martes"
29012014,"29/01/2014",29,1,2014,"miércoles"
29012016,"29/01/2016",29,1,2016,"viernes"
29022016,"29/02/2016",29,2,2016,"lunes"
29032013,"29/03/2013",29,3,2013,"viernes"
29032014,"29/03/2014",29,3,2014,"sábado"
29042012,"29/04/2012",29,4,2012,"domingo"
29042013,"29/04/2013",29,4,2013,"lunes"
29042015,"29/04/2015",29,4,2015,"miércoles"
29042016,"29/04/2016",29,4,2016,"viernes"
29082011,"29/08/2011",29,8,2011,"lunes"
29082014,"29/08/2014",29,8,2014,"viernes"
29082015,"29/08/2015",29,8,2015,"sábado"
29092012,"29/09/2012",29,9,2012,"sábado"
29092013,"29/09/2013",29,9,2013,"domingo"
29092014,"29/09/2014",29,9,2014,"lunes"
29092015,"29/09/2015",29,9,2015,"martes"
29102011,"29/10/2011",29,10,2011,"sábado"
29102012,"29/10/2012",29,10,2012,"lunes"
29102013,"29/10/2013",29,10,2013,"martes"
29102014,"29/10/2014",29,10,2014,"miércoles"
29102015,"29/10/2015",29,10,2015,"jueves"
29112011,"29/11/2011",29,11,2011,"martes"
29112013,"29/11/2013",29,11,2013,"viernes"
29112014,"29/11/2014",29,11,2014,"sábado"
29112015,"29/11/2015",29,11,2015,"domingo"
29122012,"29/12/2012",29,12,2012,"sábado"
29122013,"29/12/2013",29,12,2013,"domingo"
29122014,"29/12/2014",29,12,2014,"lunes"
29122015,"29/12/2015",29,12,2015,"martes"
30012012,"30/01/2012",30,1,2012,"lunes"
30012013,"30/01/2013",30,1,2013,"miércoles"
30012015,"30/01/2015",30,1,2015,"viernes"
30012016,"30/01/2016",30,1,2016,"sábado"
30032012,"30/03/2012",30,3,2012,"viernes"
30032013,"30/03/2013",30,3,2013,"sábado"
30032014,"30/03/2014",30,3,2014,"domingo"
30042012,"30/04/2012",30,4,2012,"lunes"
30042015,"30/04/2015",30,4,2015,"jueves"
30042016,"30/04/2016",30,4,2016,"sábado"
30052015,"30/05/2015",30,5,2015,"sábado"
30082013,"30/08/2013",30,8,2013,"viernes"
30082014,"30/08/2014",30,8,2014,"sábado"
30082015,"30/08/2015",30,8,2015,"domingo"
30092011,"30/09/2011",30,9,2011,"viernes"
30092012,"30/09/2012",30,9,2012,"domingo"
30092013,"30/09/2013",30,9,2013,"lunes"
30102011,"30/10/2011",30,10,2011,"domingo"
30102012,"30/10/2012",30,10,2012,"martes"
30102013,"30/10/2013",30,10,2013,"miércoles"
30102014,"30/10/2014",30,10,2014,"jueves"
30102015,"30/10/2015",30,10,2015,"viernes"
30112012,"30/11/2012",30,11,2012,"viernes"
30112013,"30/11/2013",30,11,2013,"sábado"
30112014,"30/11/2014",30,11,2014,"domingo"
30112015,"30/11/2015",30,11,2015,"lunes"
30122011,"30/12/2011",30,12,2011,"viernes"
30122012,"30/12/2012",30,12,2012,"domingo"
30122015,"30/12/2015",30,12,2015,"miércoles"
31012012,"31/01/2012",31,1,2012,"martes"
31012014,"31/01/2014",31,1,2014,"viernes"
31012015,"31/01/2015",31,1,2015,"sábado"
31012016,"31/01/2016",31,1,2016,"domingo"
31032012,"31/03/2012",31,3,2012,"sábado"
31032013,"31/03/2013",31,3,2013,"domingo"
31032014,"31/03/2014",31,3,2014,"lunes"
31052015,"31/05/2015",31,5,2015,"domingo"
31082012,"31/08/2012",31,8,2012,"viernes"
31082013,"31/08/2013",31,8,2013,"sábado"
31082014,"31/08/2014",31,8,2014,"domingo"
31102011,"31/10/2011",31,10,2011,"lunes"
31102012,"31/10/2012",31,10,2012,"miércoles"
31102013,"31/10/2013",31,10,2013,"jueves"
31102014,"31/10/2014",31,10,2014,"viernes"
31102015,"31/10/2015",31,10,2015,"sábado"
31122011,"31/12/2011",31,12,2011,"sábado"
31122015,"31/12/2015",31,12,2015,"jueves"
